file,label,source
assignment/doc_001.txt,assignment,generated
assignment/doc_002.txt,assignment,generated
assignment/doc_003.txt,assignment,generated
assignment/doc_004.txt,assignment,generated
assignment/doc_005.txt,assignment,generated
assignment/doc_006.txt,assignment,generated
assignment/doc_007.txt,assignment,generated
assignment/doc_008.txt,assignment,generated
assignment/doc_009.txt,assignment,generated
assignment/doc_010.txt,assignment,generated
assignment/doc_011.txt,assignment,generated
assignment/doc_012.txt,assignment,generated
assignment/doc_013.txt,assignment,generated
assignment/doc_014.txt,assignment,generated
assignment/doc_015.txt,assignment,generated
assignment/doc_016.txt,assignment,generated
assignment/doc_017.txt,assignment,generated
assignment/doc_018.txt,assignment,generated
assignment/doc_019.txt,assignment,generated
assignment/doc_020.txt,assignment,generated
assignment/doc_021.txt,assignment,generated
assignment/doc_022.txt,assignment,generated
assignment/doc_023.txt,assignment,generated
assignment/doc_024.txt,assignment,generated
assignment/doc_025.txt,assignment,generated
assignment/doc_026.txt,assignment,generated
assignment/doc_027.txt,assignment,generated
assignment/doc_028.txt,assignment,generated
assignment/doc_029.txt,assignment,generated
assignment/doc_030.txt,assignment,generated
assignment/doc_031.txt,assignment,generated
assignment/doc_032.txt,assignment,generated
assignment/doc_033.txt,assignment,generated
assignment/doc_034.txt,assignment,generated
assignment/doc_035.txt,assignment,generated
assignment/doc_036.txt,assignment,generated
assignment/doc_037.txt,assignment,generated
assignment/doc_038.txt,assignment,generated
assignment/doc_039.txt,assignment,generated
assignment/doc_040.txt,assignment,generated
assignment/doc_041.txt,assignment,generated
assignment/doc_042.txt,assignment,generated
assignment/doc_043.txt,assignment,generated
assignment/doc_044.txt,assignment,generated
assignment/doc_045.txt,assignment,generated
assignment/doc_046.txt,assignment,generated
assignment/doc_047.txt,assignment,generated
assignment/doc_048.txt,assignment,generated
assignment/doc_049.txt,assignment,generated
assignment/doc_050.txt,assignment,generated
assignment/doc_051.txt,assignment,generated
assignment/doc_052.txt,assignment,generated
assignment/doc_053.txt,assignment,generated
assignment/doc_054.txt,assignment,generated
assignment/doc_055.txt,assignment,generated
assignment/doc_056.txt,assignment,generated
assignment/doc_057.txt,assignment,generated
assignment/doc_058.txt,assignment,generated
assignment/doc_059.txt,assignment,generated
assignment/doc_060.txt,assignment,generated
notice/doc_001.txt,notice,generated
notice/doc_002.txt,notice,generated
notice/doc_003.txt,notice,generated
notice/doc_004.txt,notice,generated
notice/doc_005.txt,notice,generated
notice/doc_006.txt,notice,generated
notice/doc_007.txt,notice,generated
notice/doc_008.txt,notice,generated
notice/doc_009.txt,notice,generated
notice/doc_010.txt,notice,generated
notice/doc_011.txt,notice,generated
notice/doc_012.txt,notice,generated
notice/doc_013.txt,notice,generated
notice/doc_014.txt,notice,generated
notice/doc_015.txt,notice,generated
notice/doc_016.txt,notice,generated
notice/doc_017.txt,notice,generated
notice/doc_018.txt,notice,generated
notice/doc_019.txt,notice,generated
notice/doc_020.txt,notice,generated
notice/doc_021.txt,notice,generated
notice/doc_022.txt,notice,generated
notice/doc_023.txt,notice,generated
notice/doc_024.txt,notice,generated
notice/doc_025.txt,notice,generated
notice/doc_026.txt,notice,generated
notice/doc_027.txt,notice,generated
notice/doc_028.txt,notice,generated
notice/doc_029.txt,notice,generated
notice/doc_030.txt,notice,generated
notice/doc_031.txt,notice,generated
notice/doc_032.txt,notice,generated
notice/doc_033.txt,notice,generated
notice/doc_034.txt,notice,generated
notice/doc_035.txt,notice,generated
notice/doc_036.txt,notice,generated
notice/doc_037.txt,notice,generated
notice/doc_038.txt,notice,generated
notice/doc_039.txt,notice,generated
notice/doc_040.txt,notice,generated
notice/doc_041.txt,notice,generated
notice/doc_042.txt,notice,generated
notice/doc_043.txt,notice,generated
notice/doc_044.txt,notice,generated
notice/doc_045.txt,notice,generated
notice/doc_046.txt,notice,generated
notice/doc_047.txt,notice,generated
notice/doc_048.txt,notice,generated
notice/doc_049.txt,notice,generated
notice/doc_050.txt,notice,generated
notice/doc_051.txt,notice,generated
notice/doc_052.txt,notice,generated
notice/doc_053.txt,notice,generated
notice/doc_054.txt,notice,generated
notice/doc_055.txt,notice,generated
notice/doc_056.txt,notice,generated
notice/doc_057.txt,notice,generated
notice/doc_058.txt,notice,generated
notice/doc_059.txt,notice,generated
notice/doc_060.txt,notice,generated
question_paper/doc_001.txt,question_paper,generated
question_paper/doc_002.txt,question_paper,generated
question_paper/doc_003.txt,question_paper,generated
question_paper/doc_004.txt,question_paper,generated
question_paper/doc_005.txt,question_paper,generated
question_paper/doc_006.txt,question_paper,generated
question_paper/doc_007.txt,question_paper,generated
question_paper/doc_008.txt,question_paper,generated
question_paper/doc_009.txt,question_paper,generated
question_paper/doc_010.txt,question_paper,generated
question_paper/doc_011.txt,question_paper,generated
question_paper/doc_012.txt,question_paper,generated
question_paper/doc_013.txt,question_paper,generated
question_paper/doc_014.txt,question_paper,generated
question_paper/doc_015.txt,question_paper,generated
question_paper/doc_016.txt,question_paper,generated
question_paper/doc_017.txt,question_paper,generated
question_paper/doc_018.txt,question_paper,generated
question_paper/doc_019.txt,question_paper,generated
question_paper/doc_020.txt,question_paper,generated
question_paper/doc_021.txt,question_paper,generated
question_paper/doc_022.txt,question_paper,generated
question_paper/doc_023.txt,question_paper,generated
question_paper/doc_024.txt,question_paper,generated
question_paper/doc_025.txt,question_paper,generated
question_paper/doc_026.txt,question_paper,generated
question_paper/doc_027.txt,question_paper,generated
question_paper/doc_028.txt,question_paper,generated
question_paper/doc_029.txt,question_paper,generated
question_paper/doc_030.txt,question_paper,generated
question_paper/doc_031.txt,question_paper,generated
question_paper/doc_032.txt,question_paper,generated
question_paper/doc_033.txt,question_paper,generated
question_paper/doc_034.txt,question_paper,generated
question_paper/doc_035.txt,question_paper,generated
question_paper/doc_036.txt,question_paper,generated
question_paper/doc_037.txt,question_paper,generated
question_paper/doc_038.txt,question_paper,generated
question_paper/doc_039.txt,question_paper,generated
question_paper/doc_040.txt,question_paper,generated
question_paper/doc_041.txt,question_paper,generated
question_paper/doc_042.txt,question_paper,generated
question_paper/doc_043.txt,question_paper,generated
question_paper/doc_044.txt,question_paper,generated
question_paper/doc_045.txt,question_paper,generated
question_paper/doc_046.txt,question_paper,generated
question_paper/doc_047.txt,question_paper,generated
question_paper/doc_048.txt,question_paper,generated
question_paper/doc_049.txt,question_paper,generated
question_paper/doc_050.txt,question_paper,generated
question_paper/doc_051.txt,question_paper,generated
question_paper/doc_052.txt,question_paper,generated
question_paper/doc_053.txt,question_paper,generated
question_paper/doc_054.txt,question_paper,generated
question_paper/doc_055.txt,question_paper,generated
question_paper/doc_056.txt,question_paper,generated
question_paper/doc_057.txt,question_paper,generated
question_paper/doc_058.txt,question_paper,generated
question_paper/doc_059.txt,question_paper,generated
question_paper/doc_060.txt,question_paper,generated
project_report/doc_001.txt,project_report,generated
project_report/doc_002.txt,project_report,generated
project_report/doc_003.txt,project_report,generated
project_report/doc_004.txt,project_report,generated
project_report/doc_005.txt,project_report,generated
project_report/doc_006.txt,project_report,generated
project_report/doc_007.txt,project_report,generated
project_report/doc_008.txt,project_report,generated
project_report/doc_009.txt,project_report,generated
project_report/doc_010.txt,project_report,generated
project_report/doc_011.txt,project_report,generated
project_report/doc_012.txt,project_report,generated
project_report/doc_013.txt,project_report,generated
project_report/doc_014.txt,project_report,generated
project_report/doc_015.txt,project_report,generated
project_report/doc_016.txt,project_report,generated
project_report/doc_017.txt,project_report,generated
project_report/doc_018.txt,project_report,generated
project_report/doc_019.txt,project_report,generated
project_report/doc_020.txt,project_report,generated
project_report/doc_021.txt,project_report,generated
project_report/doc_022.txt,project_report,generated
project_report/doc_023.txt,project_report,generated
project_report/doc_024.txt,project_report,generated
project_report/doc_025.txt,project_report,generated
project_report/doc_026.txt,project_report,generated
project_report/doc_027.txt,project_report,generated
project_report/doc_028.txt,project_report,generated
project_report/doc_029.txt,project_report,generated
project_report/doc_030.txt,project_report,generated
project_report/doc_031.txt,project_report,generated
project_report/doc_032.txt,project_report,generated
project_report/doc_033.txt,project_report,generated
project_report/doc_034.txt,project_report,generated
project_report/doc_035.txt,project_report,generated
project_report/doc_036.txt,project_report,generated
project_report/doc_037.txt,project_report,generated
project_report/doc_038.txt,project_report,generated
project_report/doc_039.txt,project_report,generated
project_report/doc_040.txt,project_report,generated
project_report/doc_041.txt,project_report,generated
project_report/doc_042.txt,project_report,generated
project_report/doc_043.txt,project_report,generated
project_report/doc_044.txt,project_report,generated
project_report/doc_045.txt,project_report,generated
project_report/doc_046.txt,project_report,generated
project_report/doc_047.txt,project_report,generated
project_report/doc_048.txt,project_report,generated
project_report/doc_049.txt,project_report,generated
project_report/doc_050.txt,project_report,generated
project_report/doc_051.txt,project_report,generated
project_report/doc_052.txt,project_report,generated
project_report/doc_053.txt,project_report,generated
project_report/doc_054.txt,project_report,generated
project_report/doc_055.txt,project_report,generated
project_report/doc_056.txt,project_report,generated
project_report/doc_057.txt,project_report,generated
project_report/doc_058.txt,project_report,generated
project_report/doc_059.txt,project_report,generated
project_report/doc_060.txt,project_report,generated
study_material/doc_001.txt,study_material,generated
study_material/doc_002.txt,study_material,generated
study_material/doc_003.txt,study_material,generated
study_material/doc_004.txt,study_material,generated
study_material/doc_005.txt,study_material,generated
study_material/doc_006.txt,study_material,generated
study_material/doc_007.txt,study_material,generated
study_material/doc_008.txt,study_material,generated
study_material/doc_009.txt,study_material,generated
study_material/doc_010.txt,study_material,generated
study_material/doc_011.txt,study_material,generated
study_material/doc_012.txt,study_material,generated
study_material/doc_013.txt,study_material,generated
study_material/doc_014.txt,study_material,generated
study_material/doc_015.txt,study_material,generated
study_material/doc_016.txt,study_material,generated
study_material/doc_017.txt,study_material,generated
study_material/doc_018.txt,study_material,generated
study_material/doc_019.txt,study_material,generated
study_material/doc_020.txt,study_material,generated
study_material/doc_021.txt,study_material,generated
study_material/doc_022.txt,study_material,generated
study_material/doc_023.txt,study_material,generated
study_material/doc_024.txt,study_material,generated
study_material/doc_025.txt,study_material,generated
study_material/doc_026.txt,study_material,generated
study_material/doc_027.txt,study_material,generated
study_material/doc_028.txt,study_material,generated
study_material/doc_029.txt,study_material,generated
study_material/doc_030.txt,study_material,generated
study_material/doc_031.txt,study_material,generated
study_material/doc_032.txt,study_material,generated
study_material/doc_033.txt,study_material,generated
study_material/doc_034.txt,study_material,generated
study_material/doc_035.txt,study_material,generated
study_material/doc_036.txt,study_material,generated
study_material/doc_037.txt,study_material,generated
study_material/doc_038.txt,study_material,generated
study_material/doc_039.txt,study_material,generated
study_material/doc_040.txt,study_material,generated
study_material/doc_041.txt,study_material,generated
study_material/doc_042.txt,study_material,generated
study_material/doc_043.txt,study_material,generated
study_material/doc_044.txt,study_material,generated
study_material/doc_045.txt,study_material,generated
study_material/doc_046.txt,study_material,generated
study_material/doc_047.txt,study_material,generated
study_material/doc_048.txt,study_material,generated
study_material/doc_049.txt,study_material,generated
study_material/doc_050.txt,study_material,generated
study_material/doc_051.txt,study_material,generated
study_material/doc_052.txt,study_material,generated
study_material/doc_053.txt,study_material,generated
study_material/doc_054.txt,study_material,generated
study_material/doc_055.txt,study_material,generated
study_material/doc_056.txt,study_material,generated
study_material/doc_057.txt,study_material,generated
study_material/doc_058.txt,study_material,generated
study_material/doc_059.txt,study_material,generated
study_material/doc_060.txt,study_material,generated
